Driver ID,Employee ID,Driver status
6909701,6,Step 1: Registration
6905703,8,Step 2: Ready to Drive
6906374,6,Step 2: Ready to Drive
6905257,1,Step 3: Regular Driver
6908899,10,Step 3: Regular Driver
6905816,1,Step 2: Ready to Drive
6905424,6,Step 3: Regular Driver
6909588,9,Step 1: Registration
6906582,5,Step 2: Ready to Drive
6909179,2,Step 1: Registration
6909774,8,Step 2: Ready to Drive
6909022,2,Step 3: Regular Driver
6907092,6,Step 3: Regular Driver
6909812,4,Step 1: Registration
6908108,3,Step 1: Registration
6908153,9,Step 3: Regular Driver
6907166,5,Step 3: Regular Driver
6909421,5,Step 2: Ready to Drive
6909933,5,Step 2: Ready to Drive
6908484,3,Step 3: Regular Driver
6908474,4,Step 1: Registration
6908007,4,Step 2: Ready to Drive
6909236,4,Step 3: Regular Driver
6909301,6,Step 1: Registration
6908750,5,Step 2: Ready to Drive
6909603,2,Step 3: Regular Driver
6909101,1,Step 3: Regular Driver
6907014,1,Step 3: Regular Driver
6906274,7,Step 2: Ready to Drive
6907123,6,Step 1: Registration
6906393,6,Step 2: Ready to Drive
6908272,4,Step 2: Ready to Drive
6908974,8,Step 2: Ready to Drive
6909219,7,Step 3: Regular Driver
6908200,4,Step 3: Regular Driver
6908468,8,Step 1: Registration
6905834,3,Step 2: Ready to Drive
6905458,8,Step 3: Regular Driver
6905979,4,Step 1: Registration
6905719,2,Step 1: Registration
6905132,9,Step 3: Regular Driver
6906497,4,Step 1: Registration
6905536,9,Step 2: Ready to Drive
6905768,6,Step 2: Ready to Drive
6907204,4,Step 2: Ready to Drive
6907447,9,Step 1: Registration
6907277,1,Step 3: Regular Driver
6909990,4,Step 3: Regular Driver
6908492,10,Step 3: Regular Driver
6906454,8,Step 2: Ready to Drive
6905661,10,Step 3: Regular Driver
6907342,6,Step 2: Ready to Drive
6906891,4,Step 3: Regular Driver
6907949,9,Step 2: Ready to Drive
6909739,6,Step 2: Ready to Drive
6905436,8,Step 1: Registration
6907566,10,Step 3: Regular Driver
6909670,3,Step 3: Regular Driver
6906258,7,Step 1: Registration
6907658,10,Step 3: Regular Driver
6909867,10,Step 3: Regular Driver
6906535,9,Step 3: Regular Driver
6906532,6,Step 3: Regular Driver
6909449,3,Step 3: Regular Driver
6908280,6,Step 2: Ready to Drive
6906695,5,Step 3: Regular Driver
6908059,1,Step 3: Regular Driver
6906716,8,Step 3: Regular Driver
6908601,7,Step 3: Regular Driver
6905253,3,Step 3: Regular Driver
6907163,2,Step 3: Regular Driver
6909503,8,Step 2: Ready to Drive
6905835,9,Step 2: Ready to Drive
6905718,3,Step 3: Regular Driver
6906875,1,Step 3: Regular Driver
6909214,3,Step 3: Regular Driver
6908169,6,Step 1: Registration
6907707,1,Step 3: Regular Driver
6909267,5,Step 2: Ready to Drive
6907515,10,Step 3: Regular Driver
6908999,5,Step 2: Ready to Drive
6908141,3,Step 3: Regular Driver
6908806,7,Step 2: Ready to Drive
6909067,6,Step 2: Ready to Drive
6907754,5,Step 3: Regular Driver
6905296,1,Step 3: Regular Driver
6905976,3,Step 3: Regular Driver
6909595,5,Step 3: Regular Driver
6908555,3,Step 1: Registration
6909374,9,Step 2: Ready to Drive
6907668,7,Step 3: Regular Driver
6905145,4,Step 3: Regular Driver
6907725,1,Step 3: Regular Driver
6908634,7,Step 3: Regular Driver
6905431,7,Step 2: Ready to Drive
6906806,4,Step 2: Ready to Drive
6905918,7,Step 2: Ready to Drive
6905251,7,Step 1: Registration
6905056,9,Step 2: Ready to Drive
6909679,6,Step 1: Registration
6909201,1,Step 3: Regular Driver
6907569,7,Step 2: Ready to Drive
6909126,5,Step 2: Ready to Drive
6908640,8,Step 3: Regular Driver
6905819,9,Step 3: Regular Driver
6907698,7,Step 1: Registration
6907954,2,Step 3: Regular Driver
6905971,9,Step 2: Ready to Drive
6908743,1,Step 1: Registration
6907503,4,Step 2: Ready to Drive
6906621,3,Step 2: Ready to Drive
6907788,9,Step 2: Ready to Drive
6905666,5,Step 3: Regular Driver
6908445,6,Step 2: Ready to Drive
6909157,4,Step 2: Ready to Drive
6909952,5,Step 1: Registration
6907647,3,Step 3: Regular Driver
6905546,5,Step 2: Ready to Drive
6907232,8,Step 2: Ready to Drive
6908707,6,Step 2: Ready to Drive
6908317,8,Step 2: Ready to Drive
6906754,7,Step 3: Regular Driver
6908427,8,Step 2: Ready to Drive
6908569,10,Step 3: Regular Driver
6906560,4,Step 3: Regular Driver
6905844,2,Step 3: Regular Driver
6907027,1,Step 3: Regular Driver
6909945,1,Step 3: Regular Driver
6907291,9,Step 2: Ready to Drive
6909548,8,Step 1: Registration
6909444,5,Step 2: Ready to Drive
6908613,6,Step 3: Regular Driver
6907706,3,Step 1: Registration
6909914,8,Step 2: Ready to Drive
6907701,6,Step 2: Ready to Drive
6906579,8,Step 2: Ready to Drive
6909969,3,Step 3: Regular Driver
6905205,9,Step 3: Regular Driver
6907346,4,Step 2: Ready to Drive
6908134,8,Step 2: Ready to Drive
6909389,3,Step 1: Registration
6906059,5,Step 2: Ready to Drive
6905107,6,Step 1: Registration
6907039,7,Step 3: Regular Driver
6905599,2,Step 3: Regular Driver
6906448,5,Step 3: Regular Driver
6905042,4,Step 3: Regular Driver
6906019,5,Step 3: Regular Driver
6905769,2,Step 3: Regular Driver
6908194,1,Step 3: Regular Driver
6906078,2,Step 3: Regular Driver
6906334,10,Step 3: Regular Driver
6909026,4,Step 1: Registration
6908507,2,Step 3: Regular Driver
6906170,1,Step 2: Ready to Drive
6906883,3,Step 3: Regular Driver
6906394,6,Step 2: Ready to Drive
6909931,9,Step 2: Ready to Drive
6909393,9,Step 2: Ready to Drive
6905951,3,Step 3: Regular Driver
6906385,1,Step 3: Regular Driver
6908220,2,Step 3: Regular Driver
6906153,3,Step 3: Regular Driver
6905086,5,Step 2: Ready to Drive
6908078,4,Step 2: Ready to Drive
6909765,2,Step 2: Ready to Drive
6907160,4,Step 1: Registration
6909260,2,Step 1: Registration
6906561,2,Step 3: Regular Driver
6905991,8,Step 2: Ready to Drive
6905419,6,Step 2: Ready to Drive
6906565,8,Step 2: Ready to Drive
6907994,6,Step 3: Regular Driver
6909876,7,Step 1: Registration
6906985,8,Step 2: Ready to Drive
6908663,10,Step 3: Regular Driver
6908099,6,Step 2: Ready to Drive
6905998,5,Step 1: Registration
6909833,8,Step 2: Ready to Drive
6908083,5,Step 3: Regular Driver
6909580,1,Step 3: Regular Driver
6905398,3,Step 3: Regular Driver
6906470,10,Step 3: Regular Driver
6907230,1,Step 2: Ready to Drive
6906506,2,Step 3: Regular Driver
6906323,2,Step 3: Regular Driver
6907864,2,Step 3: Regular Driver
6905808,1,Step 3: Regular Driver
6905596,6,Step 2: Ready to Drive
6909823,4,Step 1: Registration
6907790,3,Step 1: Registration
6906783,2,Step 3: Regular Driver
6909401,9,Step 2: Ready to Drive
6908284,6,Step 3: Regular Driver
6908481,8,Step 2: Ready to Drive
6909243,1,Step 3: Regular Driver
6906687,5,Step 3: Regular Driver
6907650,3,Step 3: Regular Driver
6905639,3,Step 2: Ready to Drive
6906578,5,Step 3: Regular Driver
6908904,6,Step 1: Registration
6905176,2,Step 1: Registration
6907194,9,Step 1: Registration
6905701,2,Step 3: Regular Driver
6909069,7,Step 2: Ready to Drive
6909674,4,Step 3: Regular Driver
6907709,6,Step 1: Registration
6906551,1,Step 1: Registration
6908444,5,Step 2: Ready to Drive
6907607,2,Step 3: Regular Driver
6908516,9,Step 2: Ready to Drive
6906736,8,Step 1: Registration
6909252,2,Step 3: Regular Driver
6909922,4,Step 3: Regular Driver
6907268,1,Step 3: Regular Driver
6907937,10,Step 3: Regular Driver
6909500,8,Step 1: Registration
6907365,10,Step 3: Regular Driver
6905472,2,Step 3: Regular Driver
6908130,8,Step 2: Ready to Drive
6909813,7,Step 2: Ready to Drive
6905248,7,Step 3: Regular Driver
6907160,5,Step 2: Ready to Drive
6905392,4,Step 2: Ready to Drive
6909509,2,Step 3: Regular Driver
6909697,7,Step 3: Regular Driver
6908861,6,Step 3: Regular Driver
6908092,7,Step 2: Ready to Drive
6906981,7,Step 1: Registration
6905039,2,Step 1: Registration
6905574,6,Step 3: Regular Driver
6906761,1,Step 3: Regular Driver
6905607,5,Step 1: Registration
6909851,8,Step 2: Ready to Drive
6905953,8,Step 1: Registration
6905117,4,Step 3: Regular Driver
6905043,10,Step 3: Regular Driver
6909899,8,Step 3: Regular Driver
6907152,7,Step 3: Regular Driver
6905797,7,Step 2: Ready to Drive
6905602,1,Step 3: Regular Driver
6907958,8,Step 2: Ready to Drive
6908689,1,Step 3: Regular Driver
6908980,4,Step 2: Ready to Drive
6908619,3,Step 3: Regular Driver
6908834,4,Step 3: Regular Driver
6909236,2,Step 3: Regular Driver
6906783,3,Step 3: Regular Driver
6905122,10,Step 3: Regular Driver
6905142,5,Step 3: Regular Driver
6909512,10,Step 3: Regular Driver
6905322,1,Step 3: Regular Driver
6909921,2,Step 3: Regular Driver
6906488,3,Step 3: Regular Driver
6908631,9,Step 2: Ready to Drive
6906274,2,Step 3: Regular Driver
6908747,3,Step 3: Regular Driver
6906795,9,Step 2: Ready to Drive
6908231,7,Step 1: Registration
6906022,4,Step 3: Regular Driver
6909419,2,Step 3: Regular Driver
6905093,2,Step 1: Registration
6908018,9,Step 2: Ready to Drive
6906538,6,Step 2: Ready to Drive
6908925,4,Step 3: Regular Driver
6906834,7,Step 3: Regular Driver
6909312,6,Step 2: Ready to Drive
6906828,7,Step 1: Registration
6908406,1,Step 3: Regular Driver
6908835,8,Step 2: Ready to Drive
6906645,4,Step 1: Registration
6907808,7,Step 2: Ready to Drive
6907044,8,Step 2: Ready to Drive
6908329,2,Step 3: Regular Driver
6908067,1,Step 3: Regular Driver
6905829,10,Step 3: Regular Driver
6906698,4,Step 1: Registration
6905556,5,Step 2: Ready to Drive
6907178,1,Step 3: Regular Driver
6905197,1,Step 3: Regular Driver
6907623,5,Step 2: Ready to Drive
6906124,7,Step 2: Ready to Drive
6909450,2,Step 3: Regular Driver
6907039,3,Step 3: Regular Driver
6906647,3,Step 2: Ready to Drive
6908726,4,Step 1: Registration
6908683,9,Step 3: Regular Driver
6906450,4,Step 1: Registration
6909576,1,Step 3: Regular Driver
6909633,2,Step 3: Regular Driver
6909513,4,Step 3: Regular Driver
6906993,1,Step 1: Registration
6908453,4,Step 2: Ready to Drive
6909843,8,Step 3: Regular Driver
6907197,9,Step 2: Ready to Drive
6909530,8,Step 2: Ready to Drive
6906881,2,Step 3: Regular Driver
6906994,2,Step 3: Regular Driver
6907536,2,Step 3: Regular Driver
6909286,4,Step 1: Registration
6908872,9,Step 2: Ready to Drive
6909576,5,Step 2: Ready to Drive
6907268,1,Step 2: Ready to Drive
6908643,5,Step 2: Ready to Drive
6905905,7,Step 2: Ready to Drive
6906863,9,Step 2: Ready to Drive
6909470,3,Step 3: Regular Driver
6907989,10,Step 3: Regular Driver
6906732,8,Step 2: Ready to Drive
6905884,3,Step 3: Regular Driver
6909415,9,Step 2: Ready to Drive
6908977,1,Step 3: Regular Driver
6905916,1,Step 3: Regular Driver
6908646,6,Step 3: Regular Driver
6906181,7,Step 2: Ready to Drive
6907161,9,Step 2: Ready to Drive
6906820,7,Step 2: Ready to Drive
6905091,7,Step 1: Registration
6908174,1,Step 3: Regular Driver
6907162,7,Step 3: Regular Driver
6905274,3,Step 1: Registration
6906305,3,Step 1: Registration
6905228,7,Step 1: Registration
6909956,4,Step 2: Ready to Drive
6907574,1,Step 1: Registration
6909356,5,Step 2: Ready to Drive
6907328,6,Step 2: Ready to Drive
6908056,5,Step 2: Ready to Drive
6906926,10,Step 3: Regular Driver
6906384,9,Step 2: Ready to Drive
6907920,2,Step 3: Regular Driver
6908249,6,Step 1: Registration
6905177,2,Step 3: Regular Driver
6907584,6,Step 1: Registration
6909164,6,Step 3: Regular Driver
6906238,4,Step 1: Registration
6906915,2,Step 3: Regular Driver
6908157,2,Step 3: Regular Driver
6909266,7,Step 3: Regular Driver
6908032,9,Step 2: Ready to Drive
6905104,2,Step 3: Regular Driver
6907873,3,Step 1: Registration
6905334,6,Step 3: Regular Driver
6909208,8,Step 2: Ready to Drive
6905577,8,Step 2: Ready to Drive
6909704,7,Step 2: Ready to Drive
6906954,2,Step 2: Ready to Drive
6909856,9,Step 2: Ready to Drive
6909244,8,Step 2: Ready to Drive
6908572,6,Step 2: Ready to Drive
6908706,2,Step 3: Regular Driver
6906143,6,Step 3: Regular Driver
6907925,8,Step 2: Ready to Drive
6906853,5,Step 2: Ready to Drive
6909849,5,Step 3: Regular Driver
6908184,8,Step 2: Ready to Drive
6909127,2,Step 3: Regular Driver
6905769,8,Step 3: Regular Driver
6908054,9,Step 2: Ready to Drive
6906442,9,Step 2: Ready to Drive
6905646,1,Step 1: Registration
6909805,10,Step 3: Regular Driver
6906182,6,Step 2: Ready to Drive
6909300,7,Step 1: Registration
6906149,2,Step 2: Ready to Drive
6907853,2,Step 3: Regular Driver
6905382,4,Step 3: Regular Driver
6908123,2,Step 3: Regular Driver
6909874,10,Step 3: Regular Driver
6905648,7,Step 3: Regular Driver
6907852,1,Step 3: Regular Driver
6908937,2,Step 3: Regular Driver
6909691,1,Step 3: Regular Driver
6907709,9,Step 3: Regular Driver
6908485,8,Step 2: Ready to Drive
6905767,2,Step 3: Regular Driver
6909069,7,Step 3: Regular Driver
6907698,4,Step 2: Ready to Drive
6909325,6,Step 2: Ready to Drive
6905555,3,Step 3: Regular Driver
6905097,4,Step 3: Regular Driver
6908913,2,Step 3: Regular Driver
6908345,4,Step 3: Regular Driver
6905024,7,Step 2: Ready to Drive
6906507,2,Step 3: Regular Driver
6905059,5,Step 1: Registration
6908509,10,Step 3: Regular Driver
6905162,3,Step 3: Regular Driver
6906204,2,Step 3: Regular Driver
6907706,6,Step 2: Ready to Drive
6906381,3,Step 3: Regular Driver
6905031,9,Step 3: Regular Driver
6906356,10,Step 3: Regular Driver
6907854,3,Step 3: Regular Driver
6905170,7,Step 2: Ready to Drive
6907012,2,Step 2: Ready to Drive
6909848,3,Step 3: Regular Driver
6909054,1,Step 3: Regular Driver
6908236,5,Step 2: Ready to Drive
6909871,8,Step 3: Regular Driver
6905706,7,Step 2: Ready to Drive
6909000,1,Step 3: Regular Driver
6906490,4,Step 1: Registration
6907795,4,Step 2: Ready to Drive
6908143,10,Step 3: Regular Driver
6909480,9,Step 3: Regular Driver
6906080,1,Step 2: Ready to Drive
6908109,3,Step 3: Regular Driver
6906057,9,Step 2: Ready to Drive
6905100,9,Step 2: Ready to Drive
6906490,4,Step 2: Ready to Drive
6905147,2,Step 3: Regular Driver
6905867,9,Step 2: Ready to Drive
6907657,9,Step 1: Registration
6905691,3,Step 3: Regular Driver
6907740,7,Step 1: Registration
6908722,4,Step 1: Registration
6906104,2,Step 3: Regular Driver
6907864,9,Step 2: Ready to Drive
6905438,10,Step 3: Regular Driver
6907521,8,Step 2: Ready to Drive
6907641,6,Step 1: Registration
6905084,3,Step 1: Registration
6908924,3,Step 3: Regular Driver
6908763,4,Step 3: Regular Driver
6908448,3,Step 3: Regular Driver
6905405,10,Step 3: Regular Driver
6907460,3,Step 3: Regular Driver
6905633,7,Step 3: Regular Driver
6905038,9,Step 3: Regular Driver
6905555,1,Step 3: Regular Driver
6908743,3,Step 3: Regular Driver
6908282,8,Step 2: Ready to Drive
6906884,8,Step 1: Registration
6906655,9,Step 2: Ready to Drive
6905319,4,Step 3: Regular Driver
6909036,2,Step 2: Ready to Drive
6908958,1,Step 3: Regular Driver
6909498,2,Step 3: Regular Driver
6906591,8,Step 2: Ready to Drive
6909940,6,Step 1: Registration
6906315,9,Step 2: Ready to Drive
6907349,6,Step 3: Regular Driver
6908512,6,Step 3: Regular Driver
6908669,3,Step 2: Ready to Drive
6906806,4,Step 2: Ready to Drive
6908776,7,Step 2: Ready to Drive
6905820,2,Step 3: Regular Driver
6905330,3,Step 3: Regular Driver
6905913,1,Step 3: Regular Driver
6909931,8,Step 1: Registration
6905661,8,Step 2: Ready to Drive
6905331,1,Step 1: Registration
6906984,8,Step 2: Ready to Drive
6906499,3,Step 3: Regular Driver
6908437,2,Step 3: Regular Driver
6908362,7,Step 3: Regular Driver
6906476,6,Step 1: Registration
6908833,4,Step 3: Regular Driver
6906796,9,Step 2: Ready to Drive
6905014,2,Step 2: Ready to Drive
6905535,3,Step 2: Ready to Drive
6905794,8,Step 2: Ready to Drive
6908617,5,Step 2: Ready to Drive
6906943,1,Step 2: Ready to Drive
6909614,4,Step 2: Ready to Drive
6908644,5,Step 2: Ready to Drive
6907242,9,Step 2: Ready to Drive
6907269,4,Step 3: Regular Driver
6907527,9,Step 3: Regular Driver
6905923,4,Step 1: Registration
6906066,6,Step 2: Ready to Drive
6909802,7,Step 1: Registration
6909974,4,Step 1: Registration
6907643,2,Step 3: Regular Driver
6905883,6,Step 2: Ready to Drive
6908712,2,Step 3: Regular Driver
6905729,4,Step 2: Ready to Drive
6908729,9,Step 2: Ready to Drive
6905246,7,Step 3: Regular Driver
6907228,6,Step 3: Regular Driver
6909141,6,Step 2: Ready to Drive
6906607,5,Step 2: Ready to Drive
6905458,3,Step 3: Regular Driver
6907048,10,Step 3: Regular Driver
6905053,8,Step 2: Ready to Drive
6906016,9,Step 3: Regular Driver
6908524,7,Step 3: Regular Driver
6905155,5,Step 2: Ready to Drive
6908161,2,Step 3: Regular Driver
6909543,6,Step 3: Regular Driver
6905100,9,Step 2: Ready to Drive
6905172,8,Step 2: Ready to Drive
6905675,3,Step 3: Regular Driver
6906566,3,Step 2: Ready to Drive
6905610,7,Step 1: Registration
6907114,9,Step 2: Ready to Drive
6908429,4,Step 2: Ready to Drive
6908607,10,Step 3: Regular Driver
6909680,7,Step 2: Ready to Drive
6909792,9,Step 2: Ready to Drive
6906859,3,Step 3: Regular Driver
6909807,7,Step 3: Regular Driver
6905914,4,Step 3: Regular Driver
6909314,6,Step 2: Ready to Drive
6908063,6,Step 2: Ready to Drive
6909995,9,Step 2: Ready to Drive
6908916,5,Step 2: Ready to Drive
6909002,2,Step 3: Regular Driver
6905555,4,Step 3: Regular Driver
6908778,4,Step 1: Registration
6908504,2,Step 3: Regular Driver
6905364,8,Step 2: Ready to Drive
6906655,5,Step 3: Regular Driver
6906290,4,Step 2: Ready to Drive
6905252,1,Step 2: Ready to Drive
6908516,9,Step 2: Ready to Drive
6908765,3,Step 3: Regular Driver
6905440,4,Step 3: Regular Driver
6907579,9,Step 2: Ready to Drive
6908907,8,Step 1: Registration
6907109,10,Step 3: Regular Driver
6905761,10,Step 3: Regular Driver
6905314,9,Step 2: Ready to Drive
6908681,2,Step 1: Registration
6909991,1,Step 1: Registration
6906787,1,Step 3: Regular Driver
6909262,6,Step 1: Registration
6905037,9,Step 2: Ready to Drive
6908885,8,Step 2: Ready to Drive
6909671,4,Step 3: Regular Driver
6909826,3,Step 1: Registration
6906593,5,Step 2: Ready to Drive
6907134,10,Step 3: Regular Driver
6905829,4,Step 1: Registration
6905157,6,Step 2: Ready to Drive
6909064,8,Step 1: Registration
6905626,5,Step 3: Regular Driver
6906299,9,Step 2: Ready to Drive
6908468,3,Step 3: Regular Driver
6908157,3,Step 3: Regular Driver
6905472,2,Step 2: Ready to Drive
6907385,4,Step 3: Regular Driver
6905283,9,Step 2: Ready to Drive
6907250,3,Step 3: Regular Driver
6907687,4,Step 3: Regular Driver
6906807,4,Step 1: Registration
6905218,4,Step 2: Ready to Drive
6909925,2,Step 3: Regular Driver
6905825,6,Step 3: Regular Driver
6908071,6,Step 2: Ready to Drive
6909631,8,Step 2: Ready to Drive
6907163,6,Step 2: Ready to Drive
6906001,4,Step 3: Regular Driver
6908700,2,Step 3: Regular Driver
6907303,2,Step 3: Regular Driver
6906300,7,Step 3: Regular Driver
6909032,5,Step 3: Regular Driver
6907421,5,Step 2: Ready to Drive
6909938,3,Step 3: Regular Driver
6905844,8,Step 2: Ready to Drive
6907765,10,Step 3: Regular Driver
6907680,5,Step 2: Ready to Drive
6907523,5,Step 1: Registration
6909886,9,Step 2: Ready to Drive
6906537,8,Step 2: Ready to Drive
6908449,4,Step 1: Registration
6909676,9,Step 3: Regular Driver
6905140,2,Step 3: Regular Driver
6905126,8,Step 2: Ready to Drive
6909730,10,Step 3: Regular Driver
6909137,8,Step 2: Ready to Drive
6906947,3,Step 3: Regular Driver
6906439,4,Step 3: Regular Driver
6906860,6,Step 3: Regular Driver
6908103,8,Step 1: Registration
6905120,7,Step 3: Regular Driver
6907048,2,Step 3: Regular Driver
6909064,4,Step 2: Ready to Drive
6906137,8,Step 2: Ready to Drive
6908853,7,Step 1: Registration
6909442,2,Step 3: Regular Driver
6905479,8,Step 2: Ready to Drive
6905210,8,Step 2: Ready to Drive
6909129,7,Step 2: Ready to Drive
6909462,7,Step 1: Registration
6905387,5,Step 2: Ready to Drive
6905198,5,Step 1: Registration
6908307,3,Step 3: Regular Driver
6909475,10,Step 3: Regular Driver
6905517,1,Step 3: Regular Driver
6907827,3,Step 1: Registration
6905020,4,Step 3: Regular Driver
6909453,6,Step 2: Ready to Drive
6908349,1,Step 3: Regular Driver
6907584,3,Step 3: Regular Driver
6908957,1,Step 3: Regular Driver
6908487,1,Step 3: Regular Driver
6905460,1,Step 1: Registration
6909975,8,Step 2: Ready to Drive
6909422,3,Step 3: Regular Driver
6905127,8,Step 3: Regular Driver
6908370,7,Step 2: Ready to Drive
6909373,3,Step 3: Regular Driver
6909261,8,Step 3: Regular Driver
6907440,4,Step 2: Ready to Drive
6905715,8,Step 2: Ready to Drive
6909973,9,Step 2: Ready to Drive
6907759,7,Step 2: Ready to Drive
6906798,1,Step 2: Ready to Drive
6909184,9,Step 2: Ready to Drive
6905349,2,Step 3: Regular Driver
6907325,9,Step 3: Regular Driver
6908223,5,Step 2: Ready to Drive
6907936,2,Step 2: Ready to Drive
6908313,5,Step 3: Regular Driver
6905099,9,Step 3: Regular Driver
6905369,4,Step 3: Regular Driver
6909925,7,Step 3: Regular Driver
6908956,9,Step 3: Regular Driver
6906597,1,Step 1: Registration
6907920,4,Step 3: Regular Driver
6908041,5,Step 3: Regular Driver
6908421,5,Step 3: Regular Driver
6905690,1,Step 2: Ready to Drive
6907334,9,Step 2: Ready to Drive
6909580,1,Step 3: Regular Driver
6906974,1,Step 3: Regular Driver
6908987,8,Step 2: Ready to Drive
6906112,4,Step 3: Regular Driver
6908178,1,Step 3: Regular Driver
6908264,5,Step 2: Ready to Drive
6907089,2,Step 1: Registration
6908837,4,Step 3: Regular Driver
6909719,3,Step 1: Registration
6906843,5,Step 1: Registration
6908583,2,Step 3: Regular Driver
6907802,9,Step 2: Ready to Drive
6907372,2,Step 2: Ready to Drive
6908416,8,Step 2: Ready to Drive
6906335,10,Step 3: Regular Driver
6908227,3,Step 3: Regular Driver
6906448,5,Step 2: Ready to Drive
6906695,4,Step 1: Registration
6906389,10,Step 3: Regular Driver
6905933,6,Step 2: Ready to Drive
6907105,3,Step 1: Registration
6909524,1,Step 2: Ready to Drive
6907950,8,Step 2: Ready to Drive
6906263,10,Step 3: Regular Driver
6905712,8,Step 3: Regular Driver
6907162,1,Step 2: Ready to Drive
6905774,4,Step 1: Registration
6908757,4,Step 3: Regular Driver
6908447,6,Step 2: Ready to Drive
6908794,5,Step 3: Regular Driver
6909248,7,Step 1: Registration
6909896,5,Step 2: Ready to Drive
6905747,4,Step 2: Ready to Drive
6908507,6,Step 3: Regular Driver
6907115,7,Step 1: Registration
6907518,2,Step 3: Regular Driver
6907033,2,Step 3: Regular Driver
6906876,1,Step 3: Regular Driver
6906994,4,Step 3: Regular Driver
6909767,3,Step 3: Regular Driver
6905896,7,Step 2: Ready to Drive
6909564,9,Step 3: Regular Driver
6907300,4,Step 3: Regular Driver
6909746,8,Step 2: Ready to Drive
6906249,7,Step 2: Ready to Drive
6908265,9,Step 2: Ready to Drive
6907108,6,Step 3: Regular Driver
6907812,1,Step 3: Regular Driver
6908590,6,Step 2: Ready to Drive
6907246,7,Step 2: Ready to Drive
6907132,1,Step 3: Regular Driver
6906580,1,Step 2: Ready to Drive
6909922,1,Step 3: Regular Driver
6908378,7,Step 2: Ready to Drive
6908583,10,Step 3: Regular Driver
6908546,10,Step 3: Regular Driver
6908576,8,Step 2: Ready to Drive
6906458,2,Step 3: Regular Driver
6909014,6,Step 1: Registration
6906251,8,Step 2: Ready to Drive
6905306,7,Step 3: Regular Driver
6909251,7,Step 2: Ready to Drive
6906777,1,Step 3: Regular Driver
6909592,4,Step 1: Registration
6907843,8,Step 2: Ready to Drive
6909326,3,Step 2: Ready to Drive
6906634,7,Step 2: Ready to Drive
6908903,1,Step 3: Regular Driver
6905921,3,Step 3: Regular Driver
6905421,9,Step 2: Ready to Drive
6909390,9,Step 3: Regular Driver
6909148,1,Step 2: Ready to Drive
6908112,9,Step 3: Regular Driver
6905547,9,Step 2: Ready to Drive
6906814,8,Step 3: Regular Driver
6909248,3,Step 3: Regular Driver
6909424,3,Step 3: Regular Driver
6906316,5,Step 3: Regular Driver
6908599,4,Step 3: Regular Driver
6907813,9,Step 1: Registration
6906047,7,Step 2: Ready to Drive
6906130,9,Step 2: Ready to Drive
6907177,8,Step 2: Ready to Drive
6907224,4,Step 3: Regular Driver
6905740,9,Step 2: Ready to Drive
6909608,3,Step 3: Regular Driver
6906629,2,Step 2: Ready to Drive
6907932,5,Step 3: Regular Driver
6906140,4,Step 1: Registration
6905244,5,Step 3: Regular Driver
6906094,3,Step 3: Regular Driver
6909394,1,Step 3: Regular Driver
6906515,9,Step 2: Ready to Drive
6909613,3,Step 3: Regular Driver
6907414,2,Step 3: Regular Driver
6909912,1,Step 2: Ready to Drive
6908320,9,Step 3: Regular Driver
6906877,3,Step 2: Ready to Drive
6905044,2,Step 3: Regular Driver
6907421,9,Step 2: Ready to Drive
6905595,6,Step 2: Ready to Drive
6906263,6,Step 3: Regular Driver
6906163,3,Step 3: Regular Driver
6908845,8,Step 2: Ready to Drive
6908856,5,Step 2: Ready to Drive
6906534,9,Step 2: Ready to Drive
6905060,6,Step 2: Ready to Drive
6908085,9,Step 2: Ready to Drive
6909123,1,Step 3: Regular Driver
6908694,3,Step 1: Registration
6905546,3,Step 3: Regular Driver
6906321,5,Step 2: Ready to Drive
6906347,8,Step 2: Ready to Drive
6908344,6,Step 3: Regular Driver
6908128,8,Step 2: Ready to Drive
6908036,2,Step 3: Regular Driver
6907102,4,Step 2: Ready to Drive
6906893,10,Step 3: Regular Driver
6908352,9,Step 2: Ready to Drive
6907941,3,Step 3: Regular Driver
6909015,2,Step 3: Regular Driver
6907683,6,Step 1: Registration
6908417,1,Step 2: Ready to Drive
6909939,7,Step 2: Ready to Drive
6906945,4,Step 1: Registration
6909135,3,Step 3: Regular Driver
6907636,5,Step 2: Ready to Drive
6906039,4,Step 2: Ready to Drive
6905437,1,Step 3: Regular Driver
6906936,7,Step 3: Regular Driver
6905231,4,Step 3: Regular Driver
6906563,3,Step 3: Regular Driver
6909894,8,Step 2: Ready to Drive
6907836,7,Step 3: Regular Driver
6907726,8,Step 2: Ready to Drive
6905521,5,Step 1: Registration
6907473,6,Step 3: Regular Driver
6905605,2,Step 3: Regular Driver
6908267,1,Step 3: Regular Driver
6908719,6,Step 3: Regular Driver
6905301,5,Step 1: Registration
6905013,2,Step 3: Regular Driver
6909667,7,Step 2: Ready to Drive
6908974,8,Step 3: Regular Driver
6907005,1,Step 3: Regular Driver
6905856,9,Step 2: Ready to Drive
6906178,6,Step 1: Registration
6906080,6,Step 3: Regular Driver
6907696,10,Step 3: Regular Driver
6905166,7,Step 2: Ready to Drive
6908431,1,Step 3: Regular Driver
6908359,2,Step 3: Regular Driver
6907894,6,Step 1: Registration
6905968,4,Step 1: Registration
6909296,2,Step 3: Regular Driver
6906909,3,Step 2: Ready to Drive
6908899,3,Step 3: Regular Driver
6907693,1,Step 2: Ready to Drive
6907796,9,Step 2: Ready to Drive
6906511,10,Step 3: Regular Driver
6905262,2,Step 3: Regular Driver
6909790,4,Step 1: Registration
6905936,8,Step 2: Ready to Drive
6907591,2,Step 3: Regular Driver
6909919,2,Step 3: Regular Driver
6908190,4,Step 1: Registration
6905758,7,Step 2: Ready to Drive
6906050,8,Step 3: Regular Driver
6906353,1,Step 3: Regular Driver
6907343,4,Step 3: Regular Driver
6905656,7,Step 3: Regular Driver
6905479,6,Step 2: Ready to Drive
6907684,10,Step 3: Regular Driver
6905092,10,Step 3: Regular Driver
6906261,8,Step 2: Ready to Drive
6908463,8,Step 3: Regular Driver
6906461,8,Step 1: Registration
6909211,9,Step 1: Registration
6908388,10,Step 3: Regular Driver
6908795,3,Step 3: Regular Driver
6909442,3,Step 3: Regular Driver
6905595,1,Step 3: Regular Driver
6907714,8,Step 2: Ready to Drive
6908868,10,Step 3: Regular Driver
6906044,4,Step 1: Registration
6905923,9,Step 3: Regular Driver
6906873,1,Step 3: Regular Driver
6909743,8,Step 2: Ready to Drive
6909994,9,Step 2: Ready to Drive
6906671,3,Step 1: Registration
6906643,8,Step 2: Ready to Drive
6908852,5,Step 2: Ready to Drive
6909074,4,Step 2: Ready to Drive
6907612,6,Step 2: Ready to Drive
6909911,3,Step 1: Registration
6906698,9,Step 2: Ready to Drive
6906637,7,Step 2: Ready to Drive
6909586,9,Step 2: Ready to Drive
6909219,2,Step 3: Regular Driver
6906306,8,Step 2: Ready to Drive
6905936,1,Step 3: Regular Driver
6905868,6,Step 2: Ready to Drive
6906021,6,Step 2: Ready to Drive
6905903,7,Step 3: Regular Driver
6905905,7,Step 3: Regular Driver
6907822,7,Step 2: Ready to Drive
6908114,1,Step 3: Regular Driver
6908981,8,Step 2: Ready to Drive
6906028,9,Step 2: Ready to Drive
6909017,4,Step 2: Ready to Drive
6909550,7,Step 2: Ready to Drive
6908834,8,Step 3: Regular Driver
6906556,10,Step 3: Regular Driver
6908461,1,Step 3: Regular Driver
6908213,1,Step 3: Regular Driver
6906033,9,Step 2: Ready to Drive
6905136,1,Step 1: Registration
6907821,3,Step 3: Regular Driver
6905372,8,Step 3: Regular Driver
6905181,7,Step 2: Ready to Drive
6905337,4,Step 2: Ready to Drive
6909095,4,Step 1: Registration
6906344,4,Step 2: Ready to Drive
6909897,2,Step 3: Regular Driver
6907569,4,Step 1: Registration
6905884,6,Step 2: Ready to Drive
6905190,2,Step 3: Regular Driver
6907116,6,Step 2: Ready to Drive
6908769,4,Step 2: Ready to Drive
6908608,9,Step 2: Ready to Drive
6906743,4,Step 3: Regular Driver
6908574,1,Step 2: Ready to Drive
6909830,6,Step 1: Registration
6905451,9,Step 3: Regular Driver
6907879,6,Step 3: Regular Driver
6905899,5,Step 2: Ready to Drive
6908359,1,Step 2: Ready to Drive
6908675,3,Step 3: Regular Driver
6907739,8,Step 1: Registration
6909979,7,Step 2: Ready to Drive
6905929,7,Step 1: Registration
6907897,6,Step 1: Registration
6907946,6,Step 2: Ready to Drive
6906105,5,Step 1: Registration
6909545,6,Step 2: Ready to Drive
6908919,5,Step 2: Ready to Drive
6905271,7,Step 1: Registration
6907603,10,Step 3: Regular Driver
6906208,4,Step 2: Ready to Drive
6907868,7,Step 2: Ready to Drive
6905564,4,Step 1: Registration
6907657,4,Step 2: Ready to Drive
6905664,4,Step 1: Registration
6905761,2,Step 3: Regular Driver
6908180,2,Step 3: Regular Driver
6906582,3,Step 3: Regular Driver
6907165,6,Step 2: Ready to Drive
6909435,7,Step 1: Registration
6907778,4,Step 3: Regular Driver
6905660,7,Step 1: Registration
6906777,4,Step 3: Regular Driver
6906895,5,Step 1: Registration
6909098,3,Step 3: Regular Driver
6906279,5,Step 2: Ready to Drive
6908961,5,Step 2: Ready to Drive
6908616,7,Step 2: Ready to Drive
6906123,8,Step 2: Ready to Drive
6909619,4,Step 1: Registration
6906074,7,Step 2: Ready to Drive
6906993,5,Step 3: Regular Driver
6908493,9,Step 2: Ready to Drive
6909995,10,Step 3: Regular Driver
6909316,4,Step 1: Registration
6905657,7,Step 2: Ready to Drive
6909108,9,Step 2: Ready to Drive
6906415,8,Step 2: Ready to Drive
6908255,8,Step 1: Registration
6906601,4,Step 2: Ready to Drive
6907443,5,Step 2: Ready to Drive
6905126,9,Step 2: Ready to Drive
6905424,9,Step 3: Regular Driver
6906640,8,Step 2: Ready to Drive
6907119,2,Step 2: Ready to Drive
6908897,9,Step 2: Ready to Drive
6909388,5,Step 1: Registration
6908612,4,Step 3: Regular Driver
6908503,6,Step 2: Ready to Drive
6909597,4,Step 3: Regular Driver
6907459,2,Step 1: Registration
6905859,5,Step 2: Ready to Drive
6906353,4,Step 3: Regular Driver
6905481,5,Step 2: Ready to Drive
6906492,5,Step 3: Regular Driver
6909843,5,Step 3: Regular Driver
6908426,3,Step 3: Regular Driver
6906485,7,Step 1: Registration
6907947,8,Step 1: Registration
6906254,3,Step 2: Ready to Drive
6909085,2,Step 2: Ready to Drive
6906841,3,Step 3: Regular Driver
6905418,9,Step 1: Registration
6907699,1,Step 1: Registration
6907338,2,Step 3: Regular Driver
6908514,4,Step 2: Ready to Drive
6907930,8,Step 2: Ready to Drive
6907342,2,Step 2: Ready to Drive
6907611,7,Step 2: Ready to Drive
6909151,9,Step 2: Ready to Drive
6909308,5,Step 3: Regular Driver
6909164,4,Step 3: Regular Driver
6909967,3,Step 1: Registration
6907682,6,Step 3: Regular Driver
6909458,5,Step 3: Regular Driver
6905189,6,Step 2: Ready to Drive
6907134,4,Step 1: Registration
6909235,3,Step 3: Regular Driver
6908261,2,Step 1: Registration
6907424,3,Step 3: Regular Driver
6906349,9,Step 2: Ready to Drive
6906022,4,Step 3: Regular Driver
6907357,4,Step 2: Ready to Drive
6905287,4,Step 1: Registration
6907986,1,Step 3: Regular Driver
6909890,6,Step 3: Regular Driver
6908082,5,Step 2: Ready to Drive
6908330,7,Step 2: Ready to Drive
6908148,9,Step 2: Ready to Drive
6907092,3,Step 3: Regular Driver
6909264,7,Step 3: Regular Driver
6907028,1,Step 2: Ready to Drive
6907555,1,Step 3: Regular Driver
6905774,8,Step 2: Ready to Drive
6909786,6,Step 3: Regular Driver
6909465,1,Step 3: Regular Driver
6906370,2,Step 3: Regular Driver
6908617,7,Step 2: Ready to Drive
6908025,2,Step 3: Regular Driver
6909284,5,Step 2: Ready to Drive
6905597,3,Step 1: Registration
6905376,8,Step 2: Ready to Drive
6909235,1,Step 3: Regular Driver
6909899,6,Step 3: Regular Driver
6907404,7,Step 2: Ready to Drive
6909465,2,Step 3: Regular Driver
6908599,1,Step 1: Registration
6906754,3,Step 3: Regular Driver
6906298,5,Step 3: Regular Driver
6908579,6,Step 2: Ready to Drive
6909388,2,Step 3: Regular Driver
6905638,4,Step 2: Ready to Drive
6905597,8,Step 2: Ready to Drive
6906105,7,Step 2: Ready to Drive
6907572,4,Step 1: Registration
6909654,4,Step 2: Ready to Drive
6907244,7,Step 2: Ready to Drive
6905699,3,Step 3: Regular Driver
6908261,10,Step 3: Regular Driver
6908075,6,Step 2: Ready to Drive
6909002,8,Step 2: Ready to Drive
6908362,4,Step 1: Registration
6907482,3,Step 3: Regular Driver
6908704,1,Step 3: Regular Driver
6907576,4,Step 3: Regular Driver
6909356,8,Step 3: Regular Driver
6906446,4,Step 3: Regular Driver
6908800,2,Step 3: Regular Driver
6908051,8,Step 1: Registration
6908485,9,Step 2: Ready to Drive
6907132,8,Step 2: Ready to Drive
6909545,2,Step 3: Regular Driver
6905791,1,Step 3: Regular Driver
6907937,1,Step 3: Regular Driver
6908381,1,Step 1: Registration
6906095,4,Step 2: Ready to Drive
